-- Load data into database.
-- Adding Users
INSERT INTO Users(FirstName, MiddleInitial, LastName, Admin)
Values
('Evan', 'H', 'Rowe', true),
('Jordan', null, 'Glover', true),
('Mathew', null, 'Moye', true),
('John', 'M', 'Smith', true),
('Jane', null, 'Doe', true),
('Sylvia', 'R', 'Stucky', true),
('Jeffery', 'E', 'Collins', true),
('Allen', 'E','Paulson', true),
('Jack', 'P', 'Sparrow', false),
('Lady', null, 'Gaga', false),
('Jade', 'S', 'Smith', false),
('Kanye', 'C', 'West', false),
('North', 'K', 'West', false),
('South', 'B', 'West', false),
('Karly', 'Y', 'B', false),
('Kenny', null, 'Stewart', false),
('Benny', 'B', 'Benson', false),
('Carly', 'P', 'Hogan', false),
('Melina', null, 'Huynh', false),
('Uwais', 'P', 'Werner', false),
('Dawood', 'T', 'Acevedo', false),
('Shannon', null, 'Burn', false),
('Jadene', 'A', 'Noble', false),
('Romany', null, 'Huerta', false),
('Liberty', null, 'Scott', false),
('Adela', 'Z', 'Mcconnell', false),
('Andy', 'G', 'Griffin', false),
('Tyrique', 'B', 'Elliott', false),
('Haseeb', null, 'Anderson', false),
('Sonya', 'K', 'Valenzuela', false),
('Kaison', 'W', 'Wilkes', false),
('Jace', 'T', 'O donnell', false),
('Aviana', 'K', 'Clifford', false),
('Margot', 'E', 'Orozco', false),
('Jevon', 'K', 'Boone', false),
('Harlee', null, 'Mac', false),
('Fearne', null, 'Zimmerman', false),
('Kamila', 'K', 'Hinton', false),
('Isabella', null, 'Curran', false),
('Zakk', 'B', 'Pope', false),
('Kanye', 'N', 'Collins', false),
('Giuseppe', null, 'Bentley', false),
('Roosevelt', 'H', 'Pace', false),
('Beth', 'O', 'Hubbard', false),
('Kenan', 'Z', 'Cuevas', false),
('Kimberly', 'E', 'Humphrey', false),
('Brendon', 'Q', 'Gardner', false),
('Ziggy', null, 'Hogan', false),
('Aqeel', 'F', 'Wardle', false),
('Darci', 'J', 'Wright', false),
('Samira', 'K', 'Craft', false),
('Leuan', null, 'Obrien', false),
('Cruz', 'P', 'Simpson', false),
('Haya', 'J', 'McCaffrey', false),
('Faye', 'K', 'Pritchard', false),
('Jonah', null, 'Lutz', false),
('Gladys', null, 'Ireland', false),
('Danika', 'A', 'Meadows',false),
('Millicent', 'B', 'Noble',false),
('Ziggy', 'C', 'Waters', false),
('Haroon', 'D', 'Tucker', false),
('Georgia', 'E', 'Valdez', false),
('Simone', 'F', 'Woodward', false),
('John','d','Simone',false),
('Susan','B','Anthony',false),
('Allysa','K','Stokes',false),
('Kelly','A','Pride',false),
('Mike', 'D', 'Rowe',false),
('Kevin','K','Franks',false),
('Jeff', 'k','Foxworthy',false),
('Tater','B','Salad',false),
('Ty','J','Carter',false),
('Rhette','H','Carter',false),
('Reff','j','NotGoody',false),
('Beed','B','Dry',false),
('Kelly','B','Hathaway',false),
('Reed','M','Mills',false),
('Tori','B','Gunn',false),
('Rebecca','J','Stanton',false),
('Jordan','B','Nola',false),
('Cell','Y','Phone',false),
('Joe','I','Underwood',false),
('You','C','Lose',false),
('Every','O','Wins',false),
('Mitchell','K','Arias',false),
('Nevaeh','K','Rush',false),
('Codie','I','Cervantes',false),
('Lilly','G','Stanton',false),
('Kie','J','Burks',false),
('Guto','K','Needham',false),
('Moshe','W','Liu',false),
('David','J','Moye',false),
('Leslie','J','Shannon',false),
('Betty','B','Lue',false),
('Moshe','K','Hume',false),
('Ivy','E','Peck',false),
('Ryan','U','Peacock',false),
('Greg','K','Reagan',false),
('Greg','J','Lowrey',false),
('John','M','Rowe',false),
('Kelly','N','Rowe',false),
('Kelly','K','Lowrey',false),
('Kay','E','Rowe',false),
('Kay','R','Evans',false),
('Jamaal','K','Charles',false),
('Inaya','n','Mcarthur',false),
('James','H','Christ',false),
('Mya', 'A', 'Walters', false),
('Bear', 'B', 'Bryant', false),
('Les', 'C', 'Miles', false),
('Gus', 'D', 'Menzel', false),
('Jarret', 'E', 'Middleton', false),
('Wine', 'F', 'Country', false),
('Under', 'G', 'Weather', false),
('Numbered', 'H', 'One', false),
('Donald', 'I', 'Trump', false),
('Bill', 'J', 'Clintin', false),
('George', 'K', 'Washington', false),
('Abraham', 'L', 'Lincoln', false),
('Zach', 'M', 'Williams', false),
('Franklin', 'N', 'Roosevelt', false),
('George', 'O', 'Wallace', false),
('How', 'P', 'You', false),
('Howard', 'Q', 'Rock', false),
('Little', 'R', 'Rock', false),
('Cane', 'S', 'Brown', false),
('Willie', 'T', 'Nelson', false),
('Shaq', 'W', 'Oneal', false),
('James', 'X', 'Harden', false),
('Cheyenne', 'Y', 'Hammock', false),
('Bennie', 'Z', 'Nilsen', false),
('Akilah', 'A', 'Spagnolo', false),
('Alia', 'B', 'Clinger', false),
('Ellyn', 'C', 'Ragan', false),
('Ellyn', 'D', 'Crabtree', false),
('Robt', 'F', 'Cabshaw', false),
('Sandy', 'G', 'Schoemaker', false),
('Maranda', 'H', 'Sarros', false),
('Martin', 'I', 'Steller', false),
('Matt', 'J', 'Davis', false),
('Tommie', 'K', 'Downs', false),
('Nedra', 'L', 'Daniels', false),
('Matt', 'M', 'Smith', false),
('John', 'N', 'Rowe', false),
('Sara', 'O', 'Johns', false),
('Elizabeth', 'P', 'Smith', false),
('John', 'Q', 'Wright', false),
('Bill', 'R', 'Wesley', false),
('Matt', 'S', 'Smith', false),
('Elizabeth', 'T', 'Rowe', false),
('Sara', 'U', 'Gravely', false),
('Fredie', 'B', 'Rowe', false),
('Bill', 'L', 'Smith', false),
('Matt', 'Z', 'Rowe', false),
('Elizabeth', 'X', 'Townsend', false),
('Sara', 'C', 'Rowe', false),
('Karly', 'J', 'Hanson', false),
('Callum', 'U', 'Enriquez', false),
('John', 'V', 'Smith', false);


-- Dividing the UNITED STATES into eight sectors
INSERT INTO Sector(SectorName, SectorLeadID, LeadStartDate)
Values
('New England', 1000000, '2019-01-20'),
('Mid-Atlantic', 1000001, '2019-01-21'),
('Southern', 1000002, '2019-01-22'),
('Southwest', 1000003, '2019-01-23'),
('Midwest', 1000004, '2019-01-24'),
('Rocky Mountain', 1000005, '2019-01-26'),
('Pacific Coastal', 1000006, '2019-01-26'),
('Hawaii and Alaska', 1000007, '2019-01-27');


-- Creating the States...
INSERT INTO State (StateName, SectorID, StateLeadID)
Values
('Maine', 1, 1000008),
('Rhode Island', 1, 1000009),
('Vermont', 1, 1000010),
('Connecticut', 1, 1000011),
('New Hampshire', 1, 1000012),
('Massachusetts', 1, 1000013),
('New York', 2,1000014),
('New Jersey', 2, 1000015),
('Pennsylvania', 2, 1000016),
('Virginia', 3, 1000017),
('West Virginia', 3, 1000018),
('Kentucky', 3, 1000019),
('Delaware', 3, 1000020),
('Maryland', 3, 1000021),
('North Carolina', 3, 1000022),
('South Carolina', 3, 1000023),
('Tennessee', 3, 1000024),
('Arkansas', 3, 1000025),
('Louisiana', 3, 1000026),
('Florida', 3, 1000027),
('Georgia', 3, 1000028),
('Alabama', 3, 1000029),
('Mississippi', 3, 1000030),
('Texas', 4, 1000031),
('Arizona', 4, 1000032),
('New Mexico', 4, 1000033),
('Oklahoma', 4, 1000034),
('California', 7, 1000035),
('Oregon', 7, 1000036),
('Washington', 7, 1000037),
('Montana',6, 1000038),
('Idaho',6, 1000039),
('Colorado',6, 1000040),
('Utah',6, 1000041),
('Wyoming',6, 1000042),
('Nevada',6, 1000043),
('Michigan',5, 1000044),
('North Dakota',5, 1000045),
('South Dakota',5, 1000046),
('Iowa',5, 1000047),
('Minnesota',5, 1000048),
('Kansas',5, 1000049),
('Nebraska',5, 1000050),
('Ohio',5, 1000051),
('Indiana',5, 1000052),
('Illinois',5, 1000053),
('Wisconsin',5, 1000054),
('Missouri',5, 1000055),
('Alaska', 8, 1000056),
('Hawaii', 8, 1000057);

-- Creating the Cities...
INSERT INTO City (CityName, State, CityLeadID)
Values
('Birmingham','Alabama',1000058),
('Anchorage','Alaska',1000059),
('Phoenix','Arizona',1000060),
('Little Rock','Arkansas',1000061),
('Los Angeles','California',1000062),
('Denver','Colorado',1000063),
('Bridgeport','Connecticut',1000064),
('Wilmington','Delaware',1000065),
('Jacksonville','Florida',1000066),
('Statesboro','Georgia',1000067),
('Honolulu','Hawaii',1000068),
('Boise','Idaho',1000069),
('Chicago','Illinois',1000070),
('Indianapolis','Indiana',1000071),
('Des Moines','Iowa',1000072),
('Wichita','Kansas',1000073),
('Louisville','Kentucky',1000074),
('New Orleans','Louisiana',1000075),
('Portland','Maine',1000076),
('Baltimore','Maryland',1000077),
('Boston','Massachusetts',1000078),
('Detroit','Michigan',1000079),
('Minneapolis','Minnesota',1000080),
('Jackson','Mississippi',1000081),
('Kansas City','Missouri',1000082),
('Billings','Montana',1000083),
('Omaha','Nebraska',1000084),
('Las Vegas','Nevada',1000085),
('Manchester','New Hampshire',1000086),
('Newark','New Jersey',1000087),
('Albuquerque','New Mexico',1000088),
('New York City','New York',1000089),
('Charlotte','North Carolina',1000090),
('Fargo','North Dakota',1000091),
('Columbus','Ohio',1000092),
('Oklahoma City','Oklahoma',1000093),
('Portland','Oregon',1000094),
('Philadelphia','Pennsylvania',1000095),
('Providence','Rhode Island',1000096),
('Charleston','South Carolina',1000097),
('Sioux Falls','South Dakota',1000098),
('Nashville','Tennessee',1000099),
('Houston','Texas',1000100),
('Salt Lake City','Utah',1000101),
('Burlington','Vermont',1000102),
('Virginia Beach','Virginia',1000103),
('Seattle','Washington',1000104),
('Charleston','West Virginia',1000105),
('Milwaukee','Wisconsin',1000106),
('Cheyenne','Wyoming',1000107);

-- creating types of projects
INSERT INTO Type (TypeName)
VALUES
('Clean Power Plant'),
('Monorail System'),
('Electric Vehicle Charge Station'),
('Advanced Highway'),
('Industrial'),
('City Planning');

-- creating projects
INSERT INTO Project (ProjectName, City, ProjectLeadID, Description, StartDate, Deadline, CompletionDate, Status, EstimatedCost, FinalCost, ProjectType)
VALUES
('Birmingham Project',    100, 1000108, 'Water Treatment Plant',         '2018-12-02', '2019-12-30','2019-12-15',    'Completed',            5467239, 5260127, 5),
('Anchorage Project',     101, 1000109, 'Monorail System',               '2019-11-30', '2020-05-12', null,           'Groundbroken',         801351, null , 2),
('Phoenix Project',       102, 1000110, 'EV Charging Station',           '2019-11-30', '2021-09-30', null,           'Waiting on Supplies',  899865, null , 3),
('Little Rock Project',   103, 1000111, 'Advanced Highway 66',           '2017-05-29', '2020-12-30', null,           'On Schedule',                     3426097, null , 4),
('Los Angeles Project',   104, 1000112, 'Clean Trash Disposal Plant',    '2016-11-27', '2019-11-30', '2019-10-29',   'Completed',                     8643364, 9643367 , 5),
('Denver Project',        105, 1000113, 'Nuclear Power Plant',           '2018-01-02', '2020-12-30', null,           'On Schedule',                     4892409, null, 1),
('Bridgeport Project',    106, 1000114, 'EV Charging Station',           '2018-05-17', '2020-12-30', null,           'On Schedule',                     1321153, null, 3),
('Wilmington Project',    107, 1000115, 'Water Treatment Plant',         '2016-09-22', '2019-08-30', '2019-08-28',   'Completed',                     4052457, 5052457, 5),
('Jacksonville Project',  108, 1000116, 'Monorail System',               '2016-02-05', '2020-12-30', null,           'Groundbroken',                     1206989, null, 2),
('Blue Mile Project',     109, 1000117, 'EV Charging Station',           '2019-05-04', '2019-11-30', '2019-11-26',   'Completed',                     920208, 890653, 3),
('Honolulu Project',      110, 1000118, 'Advanced Highway 66',           '2017-12-02', '2020-12-30', null,           'On Schedule',                     697830, null, 4),
('Boise Project',         111, 1000119, 'Clean Trash Disposal Plant',    '2019-03-02', '2020-12-30', null,           'Groundbroken',                     7828823, null, 5),
('Chicago Project',       112, 1000120, 'Nuclear Power Plant',           '2019-12-05', '2020-12-30', null,           'On Schedule',                     1370565, null, 1),
('Indianapolis Project',  113, 1000121, 'City Remodeling',               '2019-11-02', '2020-12-30', null,           'On Schedule',                     7552033, null, 6),
('Des Moines Project',    114, 1000122, 'Water Treatment Plant',         '2019-12-02', '2020-12-30', null,           'On Schedule',                     480690, null, 5),
('Wichita Project',       115, 1000123, 'Monorail System',               '2019-02-05', '2021-07-30', null,           'Waiting on Supplies',                     153397, null, 2),
('Louisville Project',    116, 1000124, 'EV Charging Station',           '2019-08-02', '2019-11-30', '2019-11-27',   'Completed',                     694644, 576789, 3),
('New Orleans Project',   117, 1000125, 'Advanced Highway 66',           '2019-12-02', '2020-12-30', null,           'Waiting on Supplies',                     8456340, null, 4),
('Portland Project',      118, 1000126, 'Clean Trash Disposal Plant',    '2019-12-05', '2020-12-30', null,           'On Schedule',                     2646968, null, 5),
('Baltimore Project',     119, 1000127, 'Nuclear Power Plant',           '2019-08-02', '2020-12-30', null,           'On Schedule',                     1633084, null, 1),
('Boston Project',        120, 1000128, 'City Remodeling',               '2019-12-02', '2021-08-30', null,           'Groundbroken',                     7776073, null, 6),
('Detroit Project',       121, 1000129, 'Water Treatment Plant',         '2019-12-07', '2020-12-30', null,           'Groundbroken',                     8204860, null, 5),
('Minneapolis Project',   122, 1000130, 'City Remodeling',               '2019-04-03', '2021-11-30', null,           'Groundbroken',                     671591, null, 6),
('Jackson Project',       123, 1000131, 'EV Charging Station',           '2019-07-02', '2019-09-30', '2019-09-15',   'Completed',                     3348317, 3078317, 3),
('Kansas City Project',   124, 1000132, 'Advanced Highway 66',           '2019-04-05', '2020-12-30', null,           'Waiting on Supplies',                     871890, null, 4),
('Billings Project',      125, 1000133, 'Mono Rail System',              '2019-12-02', '2022-12-30', null,           'Waiting on Supplies',                     1839177, null, 2),
('Omaha Project',         126, 1000134, 'Nuclear Power Plant',           '2019-04-02', '2021-12-30', null,           'Waiting on Supplies',                     6348359, null, 1),
('Las Vegas Project',     127, 1000135, 'Solar Farm',                    '2016-12-02', '2019-05-30', '2019-05-27',   'Completed',                     2165566, 2567883 , 1),
('Manchester Project',    128, 1000136, 'Water Treatment Plant',         '2018-04-03', '2020-12-30', null,           'Groundbroken',                     7625741,null , 5),
('Newark Project',        129, 1000137, 'Monorail System',               '2018-06-07', '2020-12-30', null,           'Groundbroken',                     6648005,null , 2),
('Albuquerque Project',   130, 1000138, 'EV Charging Station',           '2018-12-07', '2019-08-30', null,           'Failed',                     8093670, null, 3),
('New York City Project', 131, 1000139, 'Advanced Highway 66',           '2018-12-03', '2021-12-30', null,           'Groundbroken',                     7054886, null, 4),
('Charlotte Project',     132, 1000140, 'Clean Trash Disposal Plant',    '2018-12-02', '2020-08-30', null,           'Groundbroken',                     3198393, null, 5),
('Fargo Project',         133, 1000141, 'Nuclear Power Plant',           '2018-04-05', '2019-07-30', '2019-07-15',   'Completed',                     6851738, 7907381 , 1),
('Columbus Project',      134, 1000142, 'Water Treatment Plant',         '2018-12-02', '2020-12-30', null,           'Groundbroken',                     7156456,null , 5),
('Oklahoma City Project', 135, 1000143, 'Water Treatment Plant',         '2018-11-02', '2020-11-30', null,           'Groundbroken',                     5426469,null , 5),
('Portland Project',      136, 1000144, 'Monorail System',               '2016-12-07', '2019-10-30', '2019-11-21',   'Completed',                     9051174, 9077980 , 2),
('Philadelphia Project',  137, 1000145, 'EV Charging Station',           '2018-06-07', '2020-12-30', null,           'Behind Schedule',                     8353772, null, 3),
('Providence Project',    138, 1000146, 'Advanced Highway 66',           '2018-04-03', '2021-12-30', null,           'Behind Schedule',                     1761466,null , 4),
('Charleston Project',    139, 1000147, 'Clean Trash Disposal Plant',    '2018-12-07', '2019-08-30', '2019-08-25',   'Completed',                     1869316, 1869780, 5),
('Sioux Falls Project',   140, 1000148, 'Nuclear Power Plant',           '2018-08-02', '2020-12-30', null,           'Waiting on Supplies',                     3390960, null, 1),
('Nashville Project',     141, 1000149, 'Advanced Highway 66',           '2018-12-03', '2021-10-30', null,           'Waiting on Supplies',                     1493465,null , 4),
('Houston Project',       142, 1000150, 'Water Treatment Plant',         '2018-08-02', '2020-12-30', null,           'Behind Schedule',                     5629092,null , 5),
('Salt Lake City Project',143, 1000151, 'Monorail System',               '2018-12-07', '2020-09-30', null,           'Behind Schedule',                     356798, null, 2),
('Burlington Project',    144, 1000152, 'EV Charging Station',           '2019-06-12', '2020-12-30', null,           'On Schedule',                     857561, null, 3),
('Virginia Beach Project',145, 1000153, 'Advanced Highway 66',           '2018-12-02', '2021-12-30', null,           'Behind Schedule',                     4823512, null, 4),
('Seattle Project',       146, 1000154, 'Water Treatment Plant',         '2018-06-05', '2019-03-17', '2019-03-16',   'Completed',                     6543421, 6537200 , 5),
('Charleston Project',    147, 1000155, 'Nuclear Power Plant',           '2017-08-15', '2020-12-30', null,           'Waiting on Supplies',                     4977993, null, 1),
('Milwaukee Project',     148, 1000156, 'EV Charging Station',           '2016-07-20', '2019-08-30', '2019-08-20',   'Completed',                     3419168, 3370050, 3),
('Cheyenne Project',      149, 1000157, 'Water Treatment Plant',         '2019-07-29', '2020-12-30', null,           'Waiting on Supplies',                     8334876, null, 5);